"id","imageurl","location"
"2132625700675192365_1197334432",https://scontent-lhr3-1.cdninstagram.com/vp/f58ccc7030ad6942aafb38784d6dc7b0/5E590C56/t51.2885-15/e35/70199189_1127809774092198_8209899006095629425_n.jpg?_nc_ht=scontent-lhr3-1.cdninstagram.com&_nc_cat=106&se=7&ig_cache_key=MjEzMjYyNTcwMDY3NTE5MjM2NQ%3D%3D.2,Nuuksion Kansallispuisto
"2101409819144599973_356573707",https://scontent-lhr3-1.cdninstagram.com/vp/d9a7a4b4200c5227a279fa1c6427b454/5E4ABC9E/t51.2885-15/e35/67236620_435923273800320_789923672275427800_n.jpg?_nc_ht=scontent-lhr3-1.cdninstagram.com&_nc_cat=100&se=7&ig_cache_key=MjEwMTQwOTgxOTE0NDU5OTk3Mw%3D%3D.2,Parco nazionale di Nuuksio
"2082130066604316966_1305523456",https://scontent-lhr3-1.cdninstagram.com/vp/adbf3e333aa42aa39febc1a64c1cfb5a/5E895C09/t51.2885-15/e35/65592940_420385501890509_182120163854079512_n.jpg?_nc_ht=scontent-lhr3-1.cdninstagram.com&_nc_cat=105&se=7&ig_cache_key=MjA4MjEzMDA2NjYwNDMxNjk2Ng%3D%3D.2,Hynkänlampi
"2082063711180141150_1305523456",https://scontent-lhr3-1.cdninstagram.com/vp/cb6e2a1bfe6c1f3c20afa6a74aceb834/5E514E7F/t51.2885-15/e35/65032479_373637999961341_2651167815664256044_n.jpg?_nc_ht=scontent-lhr3-1.cdninstagram.com&_nc_cat=105&se=8&ig_cache_key=MjA4MjA2MzcxMTE4MDE0MTE1MA%3D%3D.2,Hynkänlampi
"2178407916267465758_22497359988",https://scontent-lhr3-1.cdninstagram.com/vp/4d87785733b991db499aa4253769f8d4/5E568A6E/t51.2885-15/e35/72623188_428679391387819_3666743293692240183_n.jpg?_nc_ht=scontent-lhr3-1.cdninstagram.com&_nc_cat=107&se=7&ig_cache_key=MjE3ODQwNzkxNjI2NzQ2NTc1OA%3D%3D.2,"Suolikas, Nuuksio"
"2178402672565499278_22497359988",https://scontent-lhr3-1.cdninstagram.com/vp/789ae8c7668211f6160cc38998e5e148/5E5B37F9/t51.2885-15/e35/72559730_2932999410044252_6319817000216974933_n.jpg?_nc_ht=scontent-lhr3-1.cdninstagram.com&_nc_cat=108&se=7&ig_cache_key=MjE3ODQwMjY3MjU2NTQ5OTI3OA%3D%3D.2,"Suolikas, Nuuksio"
"2177856004096414696_13110585054",https://scontent-lht6-1.cdninstagram.com/vp/c0fd8b9eb85cd0da15add7e09fb1f4aa/5E56F99A/t51.2885-15/e35/73372143_204215420583189_1450172597221112181_n.jpg?_nc_ht=scontent-lht6-1.cdninstagram.com&_nc_cat=109&ig_cache_key=MjE3Nzg1NjAwNDA5NjQxNDY5Ng%3D%3D.2,"Espoo, Finland"
"2177720062155347068_5671623258",https://scontent-lhr3-1.cdninstagram.com/vp/fb6cb14dfeead85af895dbe2b0df7f1f/5E685347/t51.2885-15/e35/73457439_186946569104094_8207655686237987452_n.jpg?_nc_ht=scontent-lhr3-1.cdninstagram.com&_nc_cat=106&se=7&ig_cache_key=MjE3NzcyMDA2MjE1NTM0NzA2OA%3D%3D.2,Nuuksio National Park
"2176899087117487336_13201942924",https://scontent-lhr3-1.cdninstagram.com/vp/1361f1b7cf6b0cae491e69884bfdb915/5E5086CD/t51.2885-15/e35/p1080x1080/74654986_115119756373895_4975098875743334658_n.jpg?_nc_ht=scontent-lhr3-1.cdninstagram.com&_nc_cat=111&ig_cache_key=MjE3Njg5OTA4NzExNzQ4NzMzNg%3D%3D.2,"Vanha Nuuksio, Espoo"
"2176774175335003795_218660876",https://scontent-lhr3-1.cdninstagram.com/vp/29113403a4311ad3dd74b2ca0dd1b7ca/5E48D130/t51.2885-15/e35/73072587_2503360926567875_4221154618106768622_n.jpg?_nc_ht=scontent-lhr3-1.cdninstagram.com&_nc_cat=111&se=7&ig_cache_key=MjE3Njc3NDE3NTMzNTAwMzc5NQ%3D%3D.2,Nuuksio National Park
"2176329618510916838_466703150",https://scontent-lhr3-1.cdninstagram.com/vp/065dbf2daf122e7899f01c1844d24c1a/5E4B37FA/t51.2885-15/e35/73420409_152117062722073_6852025263130017636_n.jpg?_nc_ht=scontent-lhr3-1.cdninstagram.com&_nc_cat=101&se=8&ig_cache_key=MjE3NjMyOTYxODUxMDkxNjgzOA%3D%3D.2,Nuuksio National Park
"2175662104334820630_3495197618",https://scontent-lhr3-1.cdninstagram.com/vp/9228757d5b93bbaa76b57a4b7558e112/5E5636CF/t51.2885-15/e35/72708215_2573143609473488_5484885115592326103_n.jpg?_nc_ht=scontent-lhr3-1.cdninstagram.com&_nc_cat=108&ig_cache_key=MjE3NTY2MjEwNDMzNDgyMDYzMA%3D%3D.2,Nuuksion Kansallispuisto
"2175431536588129954_2212557443",https://scontent-lhr3-1.cdninstagram.com/vp/13aa35038a2febd0f50b0252d23efd29/5E491879/t51.2885-15/e35/74670575_679460039128089_6334668020083962389_n.jpg?_nc_ht=scontent-lhr3-1.cdninstagram.com&_nc_cat=109&se=7&ig_cache_key=MjE3NTQzMTUzNjU4ODEyOTk1NA%3D%3D.2,Nuuksio National Park
"2175423297333364718_225756933",https://scontent-lhr3-1.cdninstagram.com/vp/d74a67e77b34edf91f1148e77ef27fa0/5E4C14FA/t51.2885-15/e35/72148187_147305026593937_7528135063328189536_n.jpg?_nc_ht=scontent-lhr3-1.cdninstagram.com&_nc_cat=101&se=8&ig_cache_key=MjE3NTQyMzI5NzMzMzM2NDcxOA%3D%3D.2,Nuuksio National Park
"2178242866748695462_9725963863",https://scontent-lhr3-1.cdninstagram.com/vp/d927d99ef40f1c9b91bcd9fba3e3e1dd/5E68DC8C/t51.2885-15/e35/72974848_427400588174486_158447942169243902_n.jpg?_nc_ht=scontent-lhr3-1.cdninstagram.com&_nc_cat=102&se=8&ig_cache_key=MjE3ODI0Mjg2Njc0ODY5NTQ2Mg%3D%3D.2,Torronsuon kansallispuisto
"2177784165961647979_23312624219",https://scontent-lhr3-1.cdninstagram.com/vp/07ef4be59b755a33fd016fc7632dc39c/5E854C91/t51.2885-15/e35/74464310_144993423463451_3552855481258665015_n.jpg?_nc_ht=scontent-lhr3-1.cdninstagram.com&_nc_cat=111&se=7&ig_cache_key=MjE3Nzc4NDE2NTk2MTY0Nzk3OQ%3D%3D.2,Sipoonkorpi National Park
"2177708755645883848_646256490",https://scontent-lhr3-1.cdninstagram.com/vp/404bb388c1695ce19cf0a6ba7ba906b4/5E858813/t51.2885-15/e35/73324667_1152419474954146_5346844776295687857_n.jpg?_nc_ht=scontent-lhr3-1.cdninstagram.com&_nc_cat=110&se=7&ig_cache_key=MjE3NzcwODc1NTY0NTg4Mzg0OA%3D%3D.2,Northern Savonia
"2177220820402297593_3800309554",https://scontent-lhr3-1.cdninstagram.com/vp/d4416be59c0a1876492d5d6b0a172f51/5E87C3F3/t51.2885-15/e35/72124011_465509684315129_7853150729779867423_n.jpg?_nc_ht=scontent-lhr3-1.cdninstagram.com&_nc_cat=105&se=7&ig_cache_key=MjE3NzIyMDgyMDQwMjI5NzU5Mw%3D%3D.2,Parco Nazionale Gran Paradiso
"2177141781083029331_3575746856",https://scontent-lhr3-1.cdninstagram.com/vp/f95a97a06e733f4b64e9b5a9a8fa6d16/5E486D1F/t51.2885-15/e35/71594079_233158344319483_8788089948166053699_n.jpg?_nc_ht=scontent-lhr3-1.cdninstagram.com&_nc_cat=107&se=7&ig_cache_key=MjE3NzE0MTc4MTA4MzAyOTMzMQ%3D%3D.2,"Haukanhieta, Helvetinjärven kansallispuisto"
"2176912509108550375_4283677237",https://scontent-lhr3-1.cdninstagram.com/vp/7bc7b24ed8a4de93012c30caf67b9c61/5E526F46/t51.2885-15/e35/72166504_178271129981255_710087905446622073_n.jpg?_nc_ht=scontent-lhr3-1.cdninstagram.com&_nc_cat=111&ig_cache_key=MjE3NjkxMjUwOTEwODU1MDM3NQ%3D%3D.2,Riverside Geyser
"2176853594875515016_2212557443",https://scontent-lhr3-1.cdninstagram.com/vp/88f06427998e0672b4e8fba73a3f97c2/5E5933B5/t51.2885-15/e35/75225510_164953927917382_277280675584507169_n.jpg?_nc_ht=scontent-lhr3-1.cdninstagram.com&_nc_cat=110&se=7&ig_cache_key=MjE3Njg1MzU5NDg3NTUxNTAxNg%3D%3D.2,Kiilopää
"2176829639770317246_2432742399",https://scontent-lht6-1.cdninstagram.com/vp/26d06350c8b78830c695f516deb8f69b/5E84C77D/t51.2885-15/e35/72400515_151329132892847_3048134740720349052_n.jpg?_nc_ht=scontent-lht6-1.cdninstagram.com&_nc_cat=111&se=7&ig_cache_key=MjE3NjgyOTYzOTc3MDMxNzI0Ng%3D%3D.2,Puurijärven ja Isosuon kansallispuisto
"2176397256738086475_9899560683",https://scontent-lhr3-1.cdninstagram.com/vp/2d2f23e7700e03be8b1c3114cafa4206/5E591F91/t51.2885-15/e35/73401857_421425458546686_8359070971086295169_n.jpg?_nc_ht=scontent-lhr3-1.cdninstagram.com&_nc_cat=110&se=8&ig_cache_key=MjE3NjM5NzI1NjczODA4NjQ3NQ%3D%3D.2,Oulangan Kansallispuisto
"2121249912587697892_1340103526",https://scontent-lht6-1.cdninstagram.com/vp/5f200ab9e5cb7025746b137e91caf86c/5E856B28/t51.2885-15/e35/s1080x1080/67653438_107958300435679_6417604079009872328_n.jpg?_nc_ht=scontent-lht6-1.cdninstagram.com&_nc_cat=107&ig_cache_key=MjEyMTI0OTkxMjU4NzY5Nzg5Mg%3D%3D.2,Nuuksio National Park
"2121248205757532822_1340103526",https://scontent-lhr3-1.cdninstagram.com/vp/b0304ae5bfc8d0d5dd31cc78a43df392/5E6AF97D/t51.2885-15/e35/67489044_767257173730152_1662741070952879880_n.jpg?_nc_ht=scontent-lhr3-1.cdninstagram.com&_nc_cat=100&se=7&ig_cache_key=MjEyMTI0ODIwNTc1NzUzMjgyMg%3D%3D.2,Haukanholma
"2178458786925548182_10682515201",https://scontent-lhr3-1.cdninstagram.com/vp/13b92aa50e45acbe049e855c10a4c8a2/5E8C97B2/t51.2885-15/e35/75523267_163021394766925_222783164562021323_n.jpg?_nc_ht=scontent-lhr3-1.cdninstagram.com&_nc_cat=101&se=7&ig_cache_key=MjE3ODQ1ODc4NjkyNTU0ODE4Mg%3D%3D.2,"Helsinki, Finland"
"1930031476699870197_1564566935",https://scontent-lhr3-1.cdninstagram.com/vp/d4ca4670a00ac0ad84f4cc9eaf46bed4/5E4EB6BB/t51.2885-15/e35/46640282_1616135315153143_7414287748566883522_n.jpg?_nc_ht=scontent-lhr3-1.cdninstagram.com&_nc_cat=107&se=8&ig_cache_key=MTkzMDAzMTQ3NjY5OTg3MDE5Nw%3D%3D.2,Hawkhill Nature
"1915528968292032550_1564566935",https://scontent-lhr3-1.cdninstagram.com/vp/51121be386cef00bffe7923a4942b90f/5E47BBAB/t51.2885-15/e35/44872539_1271615379643837_6762185615540369943_n.jpg?_nc_ht=scontent-lhr3-1.cdninstagram.com&_nc_cat=101&ig_cache_key=MTkxNTUyODk2ODI5MjAzMjU1MA%3D%3D.2,Nuuksion Kansallispuisto
"1907290374800712905_1564566935",https://scontent-lht6-1.cdninstagram.com/vp/1b56f4b7d6c56029f59ea191c8fcb842/5E510337/t51.2885-15/e35/44835966_369200766989054_6042772164952102362_n.jpg?_nc_ht=scontent-lht6-1.cdninstagram.com&_nc_cat=102&se=7&ig_cache_key=MTkwNzI5MDM3NDgwMDcxMjkwNQ%3D%3D.2,Hawkhill Nature
"2165578271884851459_1704733939",https://scontent-lhr3-1.cdninstagram.com/vp/4dd0e2333b894a4539f1bbd10edb1425/5E47266A/t51.2885-15/e35/71965521_148611969835005_4222329913282885233_n.jpg?_nc_ht=scontent-lhr3-1.cdninstagram.com&_nc_cat=109&se=7&ig_cache_key=MjE2NTU3ODI3MTg4NDg1MTQ1OQ%3D%3D.2,"Nuuksio, Etelä-Suomen Lääni, Finland"
"2174224420376638855_7231705136",https://scontent-lhr3-1.cdninstagram.com/vp/4bb6b09233601169890b92fcf9c5690a/5E5A004D/t51.2885-15/e35/73475407_176420220131983_7683107869527959560_n.jpg?_nc_ht=scontent-lhr3-1.cdninstagram.com&_nc_cat=107&se=8&ig_cache_key=MjE3NDIyNDQyMDM3NjYzODg1NQ%3D%3D.2,Haltia Suomen luontokeskus - The Finnish Nature Centre
"2172678985195243118_7231705136",https://scontent-lht6-1.cdninstagram.com/vp/83944b2e2652bf9d629675fc08c54c2e/5E669C49/t51.2885-15/e35/75439576_2430162073890341_1082482604775687278_n.jpg?_nc_ht=scontent-lht6-1.cdninstagram.com&_nc_cat=105&se=8&ig_cache_key=MjE3MjY3ODk4NTE5NTI0MzExOA%3D%3D.2,Haltia Suomen luontokeskus - The Finnish Nature Centre
"2178454481648547868_1527208550",https://scontent-lht6-1.cdninstagram.com/vp/9ccd668eaf79635ce8ebd3f5e2d84805/5E5CAA84/t51.2885-15/e35/76864083_501371417254360_7236847735416697026_n.jpg?_nc_ht=scontent-lht6-1.cdninstagram.com&_nc_cat=104&se=7&ig_cache_key=MjE3ODQ1NDQ4MTY0ODU0Nzg2OA%3D%3D.2,Sacred Tattoo
"2172136549482030506_7498738248",https://scontent-lhr3-1.cdninstagram.com/vp/b31789524cef683025de0a1352722f7e/5E590FF3/t51.2885-15/e35/73128531_2490577577716393_8038418859748950715_n.jpg?_nc_ht=scontent-lhr3-1.cdninstagram.com&_nc_cat=101&se=7&ig_cache_key=MjE3MjEzNjU0OTQ4MjAzMDUwNg%3D%3D.2,Kaitalampi
"2171877863879157451_1503370018",https://scontent-lhr3-1.cdninstagram.com/vp/ac579a9cbc1df2dbc782ae77daa87506/5E537C50/t51.2885-15/e35/74602359_2462676704058809_7437867375066295670_n.jpg?_nc_ht=scontent-lhr3-1.cdninstagram.com&_nc_cat=105&se=7&ig_cache_key=MjE3MTg3Nzg2Mzg3OTE1NzQ1MQ%3D%3D.2,Nuuksio Tikankolo
"2171405768322387768_7498738248",https://scontent-lht6-1.cdninstagram.com/vp/4299416ad1ac763a40bac7a2d3f32811/5E67A07D/t51.2885-15/e35/72640076_191099118731441_1137964360645210467_n.jpg?_nc_ht=scontent-lht6-1.cdninstagram.com&_nc_cat=105&se=7&ig_cache_key=MjE3MTQwNTc2ODMyMjM4Nzc2OA%3D%3D.2,Kämmenlampi
"2171285696538278744_1503370018",https://scontent-lht6-1.cdninstagram.com/vp/a03cb91a246e4ba29624cb8d6af027d1/5E586E40/t51.2885-15/e35/72392475_562694091133664_2557927937564187355_n.jpg?_nc_ht=scontent-lht6-1.cdninstagram.com&_nc_cat=108&se=7&ig_cache_key=MjE3MTI4NTY5NjUzODI3ODc0NA%3D%3D.2,Nuuksio Tikankolo
"2170551204114208677_7498738248",https://scontent-lhr3-1.cdninstagram.com/vp/1d14709a05e089fb253cf67f67279ed9/5E47896C/t51.2885-15/e35/73446502_185088449208271_4075447250281145831_n.jpg?_nc_ht=scontent-lhr3-1.cdninstagram.com&_nc_cat=107&se=7&ig_cache_key=MjE3MDU1MTIwNDExNDIwODY3Nw%3D%3D.2,Vähä-Parikas
"2169910794267201936_23312624219",https://scontent-lhr3-1.cdninstagram.com/vp/24c17ca33423887e210856d24757bdae/5E4D3AE8/t51.2885-15/e35/75388537_3323820101022470_2572162129278156819_n.jpg?_nc_ht=scontent-lhr3-1.cdninstagram.com&_nc_cat=102&se=8&ig_cache_key=MjE2OTkxMDc5NDI2NzIwMTkzNg%3D%3D.2,Kolmoislammit
"2169885239605133900_7498738248",https://scontent-lhr3-1.cdninstagram.com/vp/d797c86ea1c578a8e619f9ad3fc871a8/5E4706A2/t51.2885-15/e35/71249105_2552703491522014_952289497611520276_n.jpg?_nc_ht=scontent-lhr3-1.cdninstagram.com&_nc_cat=110&se=8&ig_cache_key=MjE2OTg4NTIzOTYwNTEzMzkwMA%3D%3D.2,Nuuksio National Park
"2169771307183710328_19288673370",https://scontent-lhr3-1.cdninstagram.com/vp/24b104a78b7064aac4ec694f7612d116/5E858C55/t51.2885-15/e35/s1080x1080/72967184_755324204952273_2742487247217290256_n.jpg?_nc_ht=scontent-lhr3-1.cdninstagram.com&_nc_cat=109&ig_cache_key=MjE2OTc3MTMwNzE4MzcxMDMyOA%3D%3D.2,Nuuksio National Park
"2161846440645452203_10100107421",https://scontent-lht6-1.cdninstagram.com/vp/e53989fe0aad86e3ccd01d58c4fe724a/5E4CC867/t51.2885-15/e35/74345218_145376040174201_5442170385327220848_n.jpg?_nc_ht=scontent-lht6-1.cdninstagram.com&_nc_cat=109&se=7&ig_cache_key=MjE2MTg0NjQ0MDY0NTQ1MjIwMw%3D%3D.2,"Finland, Espoo"
"2178446871578854855_2103625299",https://scontent-lhr3-1.cdninstagram.com/vp/19c607726f4e93e0f6d19b2aa26f13e4/5E6B5AB6/t51.2885-15/e35/73306924_2418287421765642_6444478654265664406_n.jpg?_nc_ht=scontent-lhr3-1.cdninstagram.com&_nc_cat=106&se=7&ig_cache_key=MjE3ODQ0Njg3MTU3ODg1NDg1NQ%3D%3D.2,HiusAteljee Nina Hable
"2178424758923653413_9369897139",https://scontent-lhr3-1.cdninstagram.com/vp/132d9de12251b8c1f413cbd5e63bac75/5E687E6E/t51.2885-15/e35/72590349_732989027112269_8190875895052598407_n.jpg?_nc_ht=scontent-lhr3-1.cdninstagram.com&_nc_cat=105&se=7&ig_cache_key=MjE3ODQyNDc1ODkyMzY1MzQxMw%3D%3D.2,Leppävaara
"2178421321809941585_18157933898",https://scontent-lht6-1.cdninstagram.com/vp/92d1f79c30a364707e20e6e62803ec11/5E66CE6D/t51.2885-15/e35/72886903_176585126726437_4767353618155663613_n.jpg?_nc_ht=scontent-lht6-1.cdninstagram.com&_nc_cat=101&se=7&ig_cache_key=MjE3ODQyMTMyMTgwOTk0MTU4NQ%3D%3D.2,"Helsinki, Finland"
"2178414683466470999_12319377222",https://scontent-lht6-1.cdninstagram.com/vp/742f23892b18aa884588a04fca8f2b89/5E878C3A/t51.2885-15/e35/74839404_2477299292305347_5086632098991809088_n.jpg?_nc_ht=scontent-lht6-1.cdninstagram.com&_nc_cat=103&se=7&ig_cache_key=MjE3ODQxNDY4MzQ2NjQ3MDk5OQ%3D%3D.2,Ompelimo Midinette
"2178408212772227052_18111510755",https://scontent-lhr3-1.cdninstagram.com/vp/eb53e9947c1268e74ce98f2c2f47ec83/5E694F73/t51.2885-15/e35/73685215_169613717563650_8067238779945240039_n.jpg?_nc_ht=scontent-lhr3-1.cdninstagram.com&_nc_cat=106&se=7&ig_cache_key=MjE3ODQwODIxMjc3MjIyNzA1Mg%3D%3D.2,HairLounge
"2178396792209810546_310896467",https://scontent-lhr3-1.cdninstagram.com/vp/8b29bbfadde246b0ea0420bb374c2d64/5E8794B1/t51.2885-15/e35/73497400_2366419973480095_495772916184600466_n.jpg?_nc_ht=scontent-lhr3-1.cdninstagram.com&_nc_cat=107&se=7&ig_cache_key=MjE3ODM5Njc5MjIwOTgxMDU0Ng%3D%3D.2,"Espoo, Finland"
"2178395379081789109_3237828546",https://scontent-lht6-1.cdninstagram.com/vp/850ff44f3b25b8efdb16df7326775ca6/5E4BD3D7/t51.2885-15/e35/75190392_152885349304227_1179763588692336008_n.jpg?_nc_ht=scontent-lht6-1.cdninstagram.com&_nc_cat=103&se=7&ig_cache_key=MjE3ODM5NTM3OTA4MTc4OTEwOQ%3D%3D.2,Espoo Finnland
"2178442163573427573_6730819565",https://scontent-lhr3-1.cdninstagram.com/vp/998bd9325c9e48654f3c57dd33ee271f/5E551B2A/t51.2885-15/e35/75566974_468400033783258_9075207759375179777_n.jpg?_nc_ht=scontent-lhr3-1.cdninstagram.com&_nc_cat=110&se=8&ig_cache_key=MjE3ODQ0MjE2MzU3MzQyNzU3Mw%3D%3D.2,Pöksynhaara
"2178403005687034794_1909602772",https://scontent-lhr3-1.cdninstagram.com/vp/d47946ef99c027870b4b26b511517795/5E581FCC/t51.2885-15/e35/74442893_464195227534519_1130872294436591191_n.jpg?_nc_ht=scontent-lhr3-1.cdninstagram.com&_nc_cat=107&se=8&ig_cache_key=MjE3ODQwMzAwNTY4NzAzNDc5NA%3D%3D.2,Nuuksio National Park
"2178394402001873285_184981144",https://scontent-lhr3-1.cdninstagram.com/vp/aad93fbebd5984c69891b93caed9a640/5E506890/t51.2885-15/e35/72194587_154492475802328_5302866802545936935_n.jpg?_nc_ht=scontent-lhr3-1.cdninstagram.com&_nc_cat=104&se=7&ig_cache_key=MjE3ODM5NDQwMjAwMTg3MzI4NQ%3D%3D.2,Nuuksio National Park
"2178371171605871100_184981144",https://scontent-lhr3-1.cdninstagram.com/vp/f1333bfcd8b807b2dbf0a5479b8c242d/5E5C8362/t51.2885-15/e35/72945108_2645798222151202_1507604134874821768_n.jpg?_nc_ht=scontent-lhr3-1.cdninstagram.com&_nc_cat=110&se=7&ig_cache_key=MjE3ODM3MTE3MTYwNTg3MTEwMA%3D%3D.2,Nuuksio National Park
"2178246465980660185_408627229",https://scontent-lhr3-1.cdninstagram.com/vp/99f6fa9e3baff6705355f971837d852f/5E53FB8F/t51.2885-15/e35/74603467_730077154085297_1505194062082081743_n.jpg?_nc_ht=scontent-lhr3-1.cdninstagram.com&_nc_cat=105&se=7&ig_cache_key=MjE3ODI0NjQ2NTk4MDY2MDE4NQ%3D%3D.2,Nuuksio National Park
"2177907708481306903_2221347468",https://scontent-lhr3-1.cdninstagram.com/vp/85995d54097ee0ce06b99d5335a1ae7f/5E6D3881/t51.2885-15/e35/72984347_163207418223121_325832230755229647_n.jpg?_nc_ht=scontent-lhr3-1.cdninstagram.com&_nc_cat=101&se=7&ig_cache_key=MjE3NzkwNzcwODQ4MTMwNjkwMw%3D%3D.2,Kattilajärvi
"2177905251171183404_1408989764",https://scontent-lht6-1.cdninstagram.com/vp/b559feb1159cf447c489894a99d5c2c6/5E87303F/t51.2885-15/e35/75483248_2505314719726142_6103273989746952666_n.jpg?_nc_ht=scontent-lht6-1.cdninstagram.com&_nc_cat=102&ig_cache_key=MjE3NzkwNTI1MTE3MTE4MzQwNA%3D%3D.2,"Nuuksio, Etelä-Suomen Lääni, Finland"
"2178280655396665642_279819448",https://scontent-lht6-1.cdninstagram.com/vp/905b173f8a9fd16e81cf3d758b1eae58/5E5A5C9E/t51.2885-15/e35/73066831_220226132305305_1783763737998288582_n.jpg?_nc_ht=scontent-lht6-1.cdninstagram.com&_nc_cat=109&se=7&ig_cache_key=MjE3ODI4MDY1NTM5NjY2NTY0Mg%3D%3D.2,Oulanka National Park
"2177843064406788924_9899560683",https://scontent-lht6-1.cdninstagram.com/vp/673872aefed10bc788d3aad6834650ea/5E4AE555/t51.2885-15/e35/72197568_206581420345091_38090984269712231_n.jpg?_nc_ht=scontent-lht6-1.cdninstagram.com&_nc_cat=111&se=7&ig_cache_key=MjE3Nzg0MzA2NDQwNjc4ODkyNA%3D%3D.2,Oulangan Kansallispuisto
"2177542961293998118_279819448",https://scontent-lhr3-1.cdninstagram.com/vp/12ef7b27a75f0f3be6485e5eea2b9e33/5E659C9A/t51.2885-15/e35/72587989_419771792039987_5237861023021335001_n.jpg?_nc_ht=scontent-lhr3-1.cdninstagram.com&_nc_cat=111&se=7&ig_cache_key=MjE3NzU0Mjk2MTI5Mzk5ODExOA%3D%3D.2,Oulanka National Park
"2177205318000707299_40873325",https://scontent-lhr3-1.cdninstagram.com/vp/5554af75377147a8b9d72df8ec89419a/5E6A98EE/t51.2885-15/e35/73029330_528078984702803_5031447695319645829_n.jpg?_nc_ht=scontent-lhr3-1.cdninstagram.com&_nc_cat=111&se=7&ig_cache_key=MjE3NzIwNTMxODAwMDcwNzI5OQ%3D%3D.2,Oulanka National Park
"2177066502560495334_4184901086",https://scontent-lhr3-1.cdninstagram.com/vp/5c6ccbb38224f236f616842fae538247/5E50AFAF/t51.2885-15/e35/75047283_2686229078271276_1828683769214475884_n.jpg?_nc_ht=scontent-lhr3-1.cdninstagram.com&_nc_cat=100&se=7&ig_cache_key=MjE3NzA2NjUwMjU2MDQ5NTMzNA%3D%3D.2,Oulanka National Park
"2176988214080955754_236686046",https://scontent-lhr3-1.cdninstagram.com/vp/317be16e12d0a9812199b336235598c0/5E4C6362/t51.2885-15/e35/74670535_112750666647859_8373934289884567014_n.jpg?_nc_ht=scontent-lhr3-1.cdninstagram.com&_nc_cat=107&se=7&ig_cache_key=MjE3Njk4ODIxNDA4MDk1NTc1NA%3D%3D.2,Oulanka National Park
"2176816014532290667_279819448",https://scontent-lhr3-1.cdninstagram.com/vp/3eda7230b6e1585dcc4bdd9ec5e9fb20/5E8615D5/t51.2885-15/e35/75602166_965687690456074_3245724830153133028_n.jpg?_nc_ht=scontent-lhr3-1.cdninstagram.com&_nc_cat=110&se=7&ig_cache_key=MjE3NjgxNjAxNDUzMjI5MDY2Nw%3D%3D.2,Oulanka National Park
"2176811563736906366_2310574621",https://scontent-lhr3-1.cdninstagram.com/vp/0be0bc952a3e601e2ff75d1464d53994/5E6DE505/t51.2885-15/e35/71528103_799087480507911_4174151320606542021_n.jpg?_nc_ht=scontent-lhr3-1.cdninstagram.com&_nc_cat=103&se=7&ig_cache_key=MjE3NjgxMTU2MzczNjkwNjM2Ng%3D%3D.2,Oulanka National Park
"2176798570596991419_5516227286",https://scontent-lhr3-1.cdninstagram.com/vp/505a7856be56a9b5742918596f1f38c9/5E8BF272/t51.2885-15/e35/72282489_463242410972875_8444253624887224324_n.jpg?_nc_ht=scontent-lhr3-1.cdninstagram.com&_nc_cat=107&se=7&ig_cache_key=MjE3Njc5ODU3MDU5Njk5MTQxOQ%3D%3D.2,Oulanka National Park
"2175699775784294489_6035254344",https://scontent-lhr3-1.cdninstagram.com/vp/4cbfa39a154c3e64af4014757d4973ba/5E58A14D/t51.2885-15/e35/74656348_156374552388681_1812311928356111828_n.jpg?_nc_ht=scontent-lhr3-1.cdninstagram.com&_nc_cat=109&se=7&ig_cache_key=MjE3NTY5OTc3NTc4NDI5NDQ4OQ%3D%3D.2,Kuusamo
"2175621675973213951_4184901086",https://scontent-lhr3-1.cdninstagram.com/vp/f252cfc11c5ba2e3efec5489d7b0affd/5E5BC66B/t51.2885-15/e35/71755053_158797202028501_1009294058945573971_n.jpg?_nc_ht=scontent-lhr3-1.cdninstagram.com&_nc_cat=109&se=7&ig_cache_key=MjE3NTYyMTY3NTk3MzIxMzk1MQ%3D%3D.2,Myllykoski Kuusamo
"2145989995395540859_10687410061",https://scontent-lht6-1.cdninstagram.com/vp/c8b181fa94417bc98e9c223e3a147440/5E68FA04/t51.2885-15/e35/69706181_100967217963923_5204264414726936724_n.jpg?_nc_ht=scontent-lht6-1.cdninstagram.com&_nc_cat=111&se=7&ig_cache_key=MjE0NTk4OTk5NTM5NTU0MDg1OQ%3D%3D.2,Myllykoski Kuusamo
"2174011598910763263_14272156295",https://scontent-lhr3-1.cdninstagram.com/vp/f662a1dd801170dfa1a0586d570f277c/5E4B1EC9/t51.2885-15/e35/75586255_2585966821633347_6569107943631420213_n.jpg?_nc_ht=scontent-lhr3-1.cdninstagram.com&_nc_cat=103&se=7&ig_cache_key=MjE3NDAxMTU5ODkxMDc2MzI2Mw%3D%3D.2,Julma Ölkky
"2177728103114321504_1985835048",https://scontent-lhr3-1.cdninstagram.com/vp/610d731328442d6e219647cd1a020257/5E5A1375/t51.2885-15/e35/72534936_2435685159976638_2619353752278413700_n.jpg?_nc_ht=scontent-lhr3-1.cdninstagram.com&_nc_cat=106&se=7&ig_cache_key=MjE3NzcyODEwMzExNDMyMTUwNA%3D%3D.2,Puijon Metsä
"2177027462945246534_8277326895",https://scontent-lhr3-1.cdninstagram.com/vp/e125c7bdb76b8396d5d617a850a935ba/5E52E02C/t51.2885-15/e35/74665221_406791770274956_7102962983086128254_n.jpg?_nc_ht=scontent-lhr3-1.cdninstagram.com&_nc_cat=108&se=7&ig_cache_key=MjE3NzAyNzQ2Mjk0NTI0NjUzNA%3D%3D.2,"Savonranta, Itä-Suomen Lääni, Finland"
"2176982141802531703_1985835048",https://scontent-lhr3-1.cdninstagram.com/vp/bc6c4d434b35d26cbb2c40bd36cee709/5E53F4A6/t51.2885-15/e35/74636019_169827067549084_779425872428785094_n.jpg?_nc_ht=scontent-lhr3-1.cdninstagram.com&_nc_cat=104&se=7&ig_cache_key=MjE3Njk4MjE0MTgwMjUzMTcwMw%3D%3D.2,"Kuopio, Finland"
"2176096570766972738_5427662477",https://scontent-lhr3-1.cdninstagram.com/vp/9565a3c3117a0202e4749a14934fe38a/5E484005/t51.2885-15/e35/73398051_185515629270610_2189243947106956775_n.jpg?_nc_ht=scontent-lhr3-1.cdninstagram.com&_nc_cat=110&ig_cache_key=MjE3NjA5NjU3MDc2Njk3MjczOA%3D%3D.2,"Salo, Finland"
"2175629253863822360_1713064893",https://scontent-lhr3-1.cdninstagram.com/vp/c5bc6eb9a0b84b4a2a776db13a5c333e/5E51C7EF/t51.2885-15/e35/74649523_181073416348135_2411785528066983180_n.jpg?_nc_ht=scontent-lhr3-1.cdninstagram.com&_nc_cat=107&se=7&ig_cache_key=MjE3NTYyOTI1Mzg2MzgyMjM2MA%3D%3D.2,"Brahestad, Oulun Lääni, Finland"
"2174924139318622882_1613961329",https://scontent-lhr3-1.cdninstagram.com/vp/584ffd7214f11f10b617b1e4457ce65c/5E87FF9B/t51.2885-15/e35/72776025_2796286637102097_6241117043435619430_n.jpg?_nc_ht=scontent-lhr3-1.cdninstagram.com&_nc_cat=109&se=7&ig_cache_key=MjE3NDkyNDEzOTMxODYyMjg4Mg%3D%3D.2,"Tammerfors, Länsi-Suomen Lääni, Finland"
"2173447330167473937_7231250974",https://scontent-lhr3-1.cdninstagram.com/vp/f3ba9fc54f803409f201aa13801ea5af/5E50583D/t51.2885-15/e35/72711721_925940371122940_2691341607980091612_n.jpg?_nc_ht=scontent-lhr3-1.cdninstagram.com&_nc_cat=104&se=7&ig_cache_key=MjE3MzQ0NzMzMDE2NzQ3MzkzNw%3D%3D.2,"Kuopio, Finland"
"2169879107122539665_8168064415",https://scontent-lht6-1.cdninstagram.com/vp/8ea32732e71734d0b230d8ea6177ebd5/5E85FC8F/t51.2885-15/e35/74530465_522099925239959_4023310972998226235_n.jpg?_nc_ht=scontent-lht6-1.cdninstagram.com&_nc_cat=111&se=7&ig_cache_key=MjE2OTg3OTEwNzEyMjUzOTY2NQ%3D%3D.2,Porvoo
"2168957105017363247_6627298202",https://scontent-lht6-1.cdninstagram.com/vp/aadac05388b40631474e30b20bf05a03/5E565137/t51.2885-15/e35/72722837_191690575330467_7381189807153238249_n.jpg?_nc_ht=scontent-lht6-1.cdninstagram.com&_nc_cat=103&se=8&ig_cache_key=MjE2ODk1NzEwNTAxNzM2MzI0Nw%3D%3D.2,"Vantaa, Finland"
"2168887107595477330_2009930908",https://scontent-lhr3-1.cdninstagram.com/vp/226012511130cf3ef5b9eed3e9a0a7ad/5E543D77/t51.2885-15/e35/73096339_144995456783924_8444625690960070938_n.jpg?_nc_ht=scontent-lhr3-1.cdninstagram.com&_nc_cat=108&se=7&ig_cache_key=MjE2ODg4NzEwNzU5NTQ3NzMzMA%3D%3D.2,"Kumpula, Etelä-Suomen Lääni, Finland"
"2168913922718185140_989247045",https://scontent-lhr3-1.cdninstagram.com/vp/9e07d6ad6447cd5f0abc6d5277cf3277/5E5983FA/t51.2885-15/e35/75244470_430989387615779_3744046035574165685_n.jpg?_nc_ht=scontent-lhr3-1.cdninstagram.com&_nc_cat=111&se=7&ig_cache_key=MjE2ODkxMzkyMjcxODE4NTE0MA%3D%3D.2,Helsinki
"2136511046033480982_623488413",https://scontent-lhr3-1.cdninstagram.com/vp/d4be1d9ced02ff13325f3c54fe8f1b7e/5E68E0AD/t51.2885-15/e35/69449401_981855232156517_4089764000665054328_n.jpg?_nc_ht=scontent-lhr3-1.cdninstagram.com&_nc_cat=105&se=7&ig_cache_key=MjEzNjUxMTA0NjAzMzQ4MDk4Mg%3D%3D.2,Nuuksio National Park
"2134981124821282850_5752793409",https://scontent-lht6-1.cdninstagram.com/vp/839477d434aab8ac86813ba2e8ac56e1/5E681CC6/t51.2885-15/e35/69675732_102041224497446_101194730240872866_n.jpg?_nc_ht=scontent-lht6-1.cdninstagram.com&_nc_cat=102&se=7&ig_cache_key=MjEzNDk4MTEyNDgyMTI4Mjg1MA%3D%3D.2,Nationaal park Nuuksio
"2131391014412659498_5158857845",https://scontent-lht6-1.cdninstagram.com/vp/80571cc391bc1aef5e9aea430a2491c8/5E8C8A97/t51.2885-15/e35/69192290_686566468509825_7453870879583546834_n.jpg?_nc_ht=scontent-lht6-1.cdninstagram.com&_nc_cat=109&se=7&ig_cache_key=MjEzMTM5MTAxNDQxMjY1OTQ5OA%3D%3D.2,"Nuuksio, Etelä-Suomen Lääni, Finland"
"2131155823957904967_2377052076",https://scontent-lht6-1.cdninstagram.com/vp/4d1d0e85b2b379024cc3efe2bc13a83e/5E5A1CE8/t51.2885-15/e35/s1080x1080/68706638_161762528339516_462730691722107544_n.jpg?_nc_ht=scontent-lht6-1.cdninstagram.com&_nc_cat=108&ig_cache_key=MjEzMTE1NTgyMzk1NzkwNDk2Nw%3D%3D.2,Nuuksion Kansallispuisto
"2153654166614833076_4283577",https://scontent-lht6-1.cdninstagram.com/vp/e4224684fe948139eb0ce0b7e2b8f68c/5E8CA557/t51.2885-15/e35/72082810_401640433852811_5279854267604987015_n.jpg?_nc_ht=scontent-lht6-1.cdninstagram.com&_nc_cat=111&se=7&ig_cache_key=MjE1MzY1NDE2NjYxNDgzMzA3Ng%3D%3D.2,Nuuksio bikepark
"2153272761345616080_1111413885",https://scontent-lhr3-1.cdninstagram.com/vp/2b05585f8fba03f421049ccb947ecb5c/5E4A8BD7/t51.2885-15/e35/71296277_2475010202606422_8255242121790791140_n.jpg?_nc_ht=scontent-lhr3-1.cdninstagram.com&_nc_cat=110&se=7&ig_cache_key=MjE1MzI3Mjc2MTM0NTYxNjA4MA%3D%3D.2,Nuuksio bikepark
"2153116884743256734_3186312963",https://scontent-lhr3-1.cdninstagram.com/vp/f3216b991e120a9e6a7b06b9ac0ff708/5E6AE626/t51.2885-15/e35/71708323_162026561664204_1310184572895299764_n.jpg?_nc_ht=scontent-lhr3-1.cdninstagram.com&_nc_cat=100&se=7&ig_cache_key=MjE1MzExNjg4NDc0MzI1NjczNA%3D%3D.2,Nuuksio bikepark
"2153112326113778217_695705886",https://scontent-lhr3-1.cdninstagram.com/vp/990367c24fd45e10b8a2f27b246a1150/5E8C8F28/t51.2885-15/e35/70395298_521798631715440_4620425080087115394_n.jpg?_nc_ht=scontent-lhr3-1.cdninstagram.com&_nc_cat=100&se=7&ig_cache_key=MjE1MzExMjMyNjExMzc3ODIxNw%3D%3D.2,Nuuksio bikepark
"2149981953217478902_1545982822",https://scontent-lht6-1.cdninstagram.com/vp/0bd20ee4fce3d137d233145b8ea83bf0/5E498628/t51.2885-15/e35/70380415_243365626637527_2059336488173696344_n.jpg?_nc_ht=scontent-lht6-1.cdninstagram.com&_nc_cat=107&se=8&ig_cache_key=MjE0OTk4MTk1MzIxNzQ3ODkwMg%3D%3D.2,Swinghill
"2148876443399393906_7894705495",https://scontent-lhr3-1.cdninstagram.com/vp/b6f5dcc18155609eb7d22b52ec3af43b/5E68E9BC/t51.2885-15/e35/71062172_427621347891421_6020300025759966795_n.jpg?_nc_ht=scontent-lhr3-1.cdninstagram.com&_nc_cat=101&se=7&ig_cache_key=MjE0ODg3NjQ0MzM5OTM5MzkwNg%3D%3D.2,Swinghill
"2148823853940781850_5644049289",https://scontent-lhr3-1.cdninstagram.com/vp/e845cf705c03316185b70ad679ad2f77/5E574F70/t51.2885-15/e35/70479390_2316546431993068_4709995470407329452_n.jpg?_nc_ht=scontent-lhr3-1.cdninstagram.com&_nc_cat=104&ig_cache_key=MjE0ODgyMzg1Mzk0MDc4MTg1MA%3D%3D.2,Nuuksio bikepark
"2148078763309439031_5640716692",https://scontent-lht6-1.cdninstagram.com/vp/33c8a94620eb195b10cb0456be1e3f33/5E5003F2/t51.2885-15/e35/71136598_129406261355169_1196510757019541013_n.jpg?_nc_ht=scontent-lht6-1.cdninstagram.com&_nc_cat=109&se=7&ig_cache_key=MjE0ODA3ODc2MzMwOTQzOTAzMQ%3D%3D.2,Nuuksio bikepark
"2147970280906435104_695705886",https://scontent-lht6-1.cdninstagram.com/vp/cd59ec61d698361a9a890c9041a47c79/5E53ED7B/t51.2885-15/e35/70706943_1761766313953754_4542345459947021223_n.jpg?_nc_ht=scontent-lht6-1.cdninstagram.com&_nc_cat=102&se=7&ig_cache_key=MjE0Nzk3MDI4MDkwNjQzNTEwNA%3D%3D.2,Nuuksio bikepark
"2147776636140290619_7894705495",https://scontent-lht6-1.cdninstagram.com/vp/343a94b04868d5bffd9cc6a3e8853490/5E8B2E53/t51.2885-15/e35/72579724_429181497733256_2807492736575529321_n.jpg?_nc_ht=scontent-lht6-1.cdninstagram.com&_nc_cat=108&se=7&ig_cache_key=MjE0Nzc3NjYzNjE0MDI5MDYxOQ%3D%3D.2,Swinghill
"2143077473062267978_10581605855",https://scontent-lht6-1.cdninstagram.com/vp/6ac32863c5d109fbbbfad50ea39f3648/5E4CA557/t51.2885-15/e35/69836574_501634400387376_7884341282772958075_n.jpg?_nc_ht=scontent-lht6-1.cdninstagram.com&_nc_cat=100&se=7&ig_cache_key=MjE0MzA3NzQ3MzA2MjI2Nzk3OA%3D%3D.2,Nuuksio bikepark
"2155279310288912347_2214929252",https://scontent-lhr3-1.cdninstagram.com/vp/8aa7fc59c3f0f4c62981a38858f0bead/5E8B06F6/t51.2885-15/e35/p1080x1080/70968411_435109840476018_1154762101498169080_n.jpg?_nc_ht=scontent-lhr3-1.cdninstagram.com&_nc_cat=106&ig_cache_key=MjE1NTI3OTMxMDI4ODkxMjM0Nw%3D%3D.2,Nuuksion Kansallispuisto
